,id,premium,name,department,has_test,response_letter_required,area,salary,type,address,response_url,sort_point_distance,published_at,created_at,archived,apply_alternate_url,insider_interview,url,alternate_url,relations,employer,snippet,contacts,schedule,working_days,working_time_intervals,working_time_modes,accept_temporary,professional_roles,accept_incomplete_resumes,experience,employment,adv_response_url,is_adv_vacancy
0,83447504,False,Менеджер по продажам юридических услуг,,False,False,"{'id': '1', 'name': 'Москва', 'url': 'https://api.hh.ru/areas/1'}","{'from': 150000, 'to': 250000, 'currency': 'RUR', 'gross': False}","{'id': 'open', 'name': 'Открытая'}",,,,2023-07-14T14:59:01+0300,2023-07-14T14:59:01+0300,False,https://hh.ru/applicant/vacancy_response?vacancyId=83447504,,https://api.hh.ru/vacancies/83447504?host=hh.ru,https://hh.ru/vacancy/83447504,[],"{'id': '2489728', 'name': 'Банкирро', 'url': 'https://api.hh.ru/employers/2489728', 'alternate_url': 'https://hh.ru/employer/2489728', 'logo_urls': {'240': 'https://hhcdn.ru/employer-logo/3424738.jpeg', '90': 'https://hhcdn.ru/employer-logo/3424737.jpeg', 'original': 'https://hhcdn.ru/employer-logo-original/745944.jpg'}, 'vacancies_url': 'https://api.hh.ru/vacancies?employer_id=2489728', 'accredited_it_employer': False, 'trusted': True}","{'requirement': 'Успешный опыт продаж от 1 года. Развитые коммуникативные навыки. Готовность работать в сегменте В2С.', 'responsibility': 'Выполнять план продаж, показывать стабильные показатели по конверсии. Проводить консультации клиентов в офисе, заключать договоры. Работать в crm Битрикс24.'}",,,[],[],[],False,"[{'id': '70', 'name': 'Менеджер по продажам, менеджер по работе с клиентами'}]",False,"{'id': 'between1And3', 'name': 'От 1 года до 3 лет'}","{'id': 'full', 'name': 'Полная занятость'}",,False
1,83402718,False,Менеджер по продажам,,False,False,"{'id': '1', 'name': 'Москва', 'url': 'https://api.hh.ru/areas/1'}","{'from': 150000, 'to': 250000, 'currency': 'RUR', 'gross': False}","{'id': 'open', 'name': 'Открытая'}","{'city': 'Москва', 'street': 'Марксистская улица', 'building': '22с1', 'lat': 55.737811, 'lng': 37.660575, 'description': None, 'raw': 'Москва, Марксистская улица, 22с1', 'metro': {'station_name': 'Марксистская', 'line_name': 'Калининская', 'station_id': '8.78', 'line_id': '8', 'lat': 55.740746, 'lng': 37.65604}, 'metro_stations': [{'station_name': 'Марксистская', 'line_name': 'Калининская', 'station_id': '8.78', 'line_id': '8', 'lat': 55.740746, 'lng': 37.65604}, {'station_name': 'Таганская', 'line_name': 'Кольцевая', 'station_id': '5.76', 'line_id': '5', 'lat': 55.742396, 'lng': 37.653334}, {'station_name': 'Таганская', 'line_name': 'Таганско-Краснопресненская', 'station_id': '7.77', 'line_id': '7', 'lat': 55.739502, 'lng': 37.653605}], 'id': '6056918'}",,,2023-07-13T16:01:26+0300,2023-07-13T16:01:26+0300,False,https://hh.ru/applicant/vacancy_response?vacancyId=83402718,,https://api.hh.ru/vacancies/83402718?host=hh.ru,https://hh.ru/vacancy/83402718,[],"{'id': '2489728', 'name': 'Банкирро', 'url': 'https://api.hh.ru/employers/2489728', 'alternate_url': 'https://hh.ru/employer/2489728', 'logo_urls': {'240': 'https://hhcdn.ru/employer-logo/3424738.jpeg', '90': 'https://hhcdn.ru/employer-logo/3424737.jpeg', 'original': 'https://hhcdn.ru/employer-logo-original/745944.jpg'}, 'vacancies_url': 'https://api.hh.ru/vacancies?employer_id=2489728', 'accredited_it_employer': False, 'trusted': True}","{'requirement': 'Успешный опыт продаж от 1 года. Развитые коммуникативные навыки. Готовность работать в сегменте В2С.', 'responsibility': 'Выполнять план продаж, показывать стабильные показатели по конверсии. Проводить консультации клиентов в офисе, заключать договоры. Работать в crm Битрикс24.'}",,,[],[],[],False,"[{'id': '70', 'name': 'Менеджер по продажам, менеджер по работе с клиентами'}]",False,"{'id': 'between1And3', 'name': 'От 1 года до 3 лет'}","{'id': 'full', 'name': 'Полная занятость'}",,False
2,83559691,False,Руководитель отдела развития маркетплейсов,,False,False,"{'id': '1', 'name': 'Москва', 'url': 'https://api.hh.ru/areas/1'}","{'from': 150000, 'to': 400000, 'currency': 'RUR', 'gross': False}","{'id': 'open', 'name': 'Открытая'}",,,,2023-07-17T15:12:39+0300,2023-07-17T15:12:39+0300,False,https://hh.ru/applicant/vacancy_response?vacancyId=83559691,,https://api.hh.ru/vacancies/83559691?host=hh.ru,https://hh.ru/vacancy/83559691,[],"{'id': '1551312', 'name': 'UP business', 'url': 'https://api.hh.ru/employers/1551312', 'alternate_url': 'https://hh.ru/employer/1551312', 'logo_urls': {'90': 'https://hhcdn.ru/employer-logo/2981572.jpeg', '240': 'https://hhcdn.ru/employer-logo/2981573.jpeg', 'original': 'https://hhcdn.ru/employer-logo-original/635105.jpg'}, 'vacancies_url': 'https://api.hh.ru/vacancies?employer_id=1551312', 'accredited_it_employer': False, 'trusted': True}","{'requirement': 'Понимание особенностей каждого маркетплейса и знание инструментов, которые позволяют масштабировать продажи. Опыт работы в системах <highlighttext>аналитики</highlighttext>: Eggheads, MPStats, “Маяк” и...', 'responsibility': 'Топ-фабрика с уникальной высотой штор. Отлаженные контакты напрямую с поставщиками из Турции. Еженедельные поступления нового товара. Минимальные сроки сбора...'}",,,[],[],[],False,"[{'id': '106', 'name': 'Руководитель отдела продаж'}]",False,"{'id': 'between3And6', 'name': 'От 3 до 6 лет'}","{'id': 'full', 'name': 'Полная занятость'}",,False
3,83557030,False,Junior front-end разработчик,,False,False,"{'id': '2', 'name': 'Санкт-Петербург', 'url': 'https://api.hh.ru/areas/2'}",,"{'id': 'open', 'name': 'Открытая'}","{'city': 'Санкт-Петербург', 'street': 'Введенский канал', 'building': '4', 'lat': 59.921795, 'lng': 30.324267, 'description': None, 'raw': 'Санкт-Петербург, Введенский канал, 4', 'metro': {'station_name': 'Пушкинская', 'line_name': 'Кировско-Выборгская', 'station_id': '14.201', 'line_id': '14', 'lat': 59.92065, 'lng': 30.329599}, 'metro_stations': [{'station_name': 'Пушкинская', 'line_name': 'Кировско-Выборгская', 'station_id': '14.201', 'line_id': '14', 'lat': 59.92065, 'lng': 30.329599}, {'station_name': 'Сенная площадь', 'line_name': 'Московско-Петроградская', 'station_id': '15.218', 'line_id': '15', 'lat': 59.927135, 'lng': 30.320316}], 'id': '13005182'}",,,2023-07-17T14:44:17+0300,2023-07-17T14:44:17+0300,False,https://hh.ru/applicant/vacancy_response?vacancyId=83557030,,https://api.hh.ru/vacancies/83557030?host=hh.ru,https://hh.ru/vacancy/83557030,[],"{'id': '2686827', 'name': 'Майнинг Элемент', 'url': 'https://api.hh.ru/employers/2686827', 'alternate_url': 'https://hh.ru/employer/2686827', 'logo_urls': {'original': 'https://hhcdn.ru/employer-logo-original/1126801.png', '90': 'https://hhcdn.ru/employer-logo/6127793.png', '240': 'https://hhcdn.ru/employer-logo/6127794.png'}, 'vacancies_url': 'https://api.hh.ru/vacancies?employer_id=2686827', 'accredited_it_employer': False, 'trusted': True}","{'requirement': 'Имеешь уверенные знания HTML, SCSS и JS. Имеешь опыт работы с Vue JS. Пользовался или знаком с Figma.', 'responsibility': 'Адаптивная и семнтическая верстка отдельных блоков и целых страниц. Создание простых анимиаций. Написание скриптов для валидации полей форм, логики работы...'}",,,[],[],[],False,"[{'id': '96', 'name': 'Программист, разработчик'}]",False,"{'id': 'between1And3', 'name': 'От 1 года до 3 лет'}","{'id': 'full', 'name': 'Полная занятость'}",,False
4,82100404,False,Помощник депутата Государственной Думы,,False,False,"{'id': '1', 'name': 'Москва', 'url': 'https://api.hh.ru/areas/1'}","{'from': 100000, 'to': 150000, 'currency': 'RUR', 'gross': False}","{'id': 'open', 'name': 'Открытая'}",,,,2023-06-19T10:00:01+0300,2023-06-19T10:00:01+0300,False,https://hh.ru/applicant/vacancy_response?vacancyId=82100404,,https://api.hh.ru/vacancies/82100404?host=hh.ru,https://hh.ru/vacancy/82100404,[],"{'id': '4258809', 'name': 'Мегаполис-Стиль', 'url': 'https://api.hh.ru/employers/4258809', 'alternate_url': 'https://hh.ru/employer/4258809', 'logo_urls': None, 'vacancies_url': 'https://api.hh.ru/vacancies?employer_id=4258809', 'accredited_it_employer': False, 'trusted': True}","{'requirement': 'Профильное высшее образование (юриспруденция, международные отношения, государственное управление, экономика). Опыт работы в государственных органах РФ является преимуществом. Хорошие организаторские и...', 'responsibility': 'Отслеживание законодательных и политических тенденций и изменений. На основании <highlighttext>аналитики</highlighttext> разработка информационных поводов, PR-продуктов. Выстраивание взаимоотношений с ответственными лицами...'}",,,[],[],[],False,"[{'id': '110', 'name': 'Секретарь, помощник руководителя, ассистент'}]",False,"{'id': 'between1And3', 'name': 'От 1 года до 3 лет'}","{'id': 'full', 'name': 'Полная занятость'}",,False
5,83539515,False,Директор филиала,,False,False,"{'id': '68', 'name': 'Омск', 'url': 'https://api.hh.ru/areas/68'}","{'from': 180000, 'to': None, 'currency': 'RUR', 'gross': False}","{'id': 'open', 'name': 'Открытая'}","{'city': 'Омск', 'street': 'улица Орджоникидзе', 'building': '267', 'lat': 55.025658, 'lng': 73.364089, 'description': None, 'raw': 'Омск, улица Орджоникидзе, 267', 'metro': None, 'metro_stations': [], 'id': '4485818'}",,,2023-07-17T11:53:56+0300,2023-07-17T11:53:56+0300,False,https://hh.ru/applicant/vacancy_response?vacancyId=83539515,,https://api.hh.ru/vacancies/83539515?host=hh.ru,https://hh.ru/vacancy/83539515,[],"{'id': '245592', 'name': 'РОССКО', 'url': 'https://api.hh.ru/employers/245592', 'alternate_url': 'https://hh.ru/employer/245592', 'logo_urls': {'original': 'https://hhcdn.ru/employer-logo-original/516826.png', '90': 'https://hhcdn.ru/employer-logo/2508880.png', '240': 'https://hhcdn.ru/employer-logo/2508881.png'}, 'vacancies_url': 'https://api.hh.ru/vacancies?employer_id=245592', 'accredited_it_employer': False, 'trusted': True}","{'requirement': 'Обязателен опыт управления продажами в дистрибьюторской компании не менее 2-х лет. Успешный опыт личных продаж, планирования и бюджетирования. ', 'responsibility': 'Развитие приоритетных для компаний брендов и технологий работы. Работа с данными: <highlighttext>аналитика</highlighttext>, бюджетирование, планирование. Управление персоналом: отбор, адаптация, мотивация, развитие...'}",,,[],[],[],False,"[{'id': '161', 'name': 'Руководитель филиала'}]",False,"{'id': 'between3And6', 'name': 'От 3 до 6 лет'}","{'id': 'full', 'name': 'Полная занятость'}",,False
6,83530897,False,Начальник службы безопасности,,False,False,"{'id': '1', 'name': 'Москва', 'url': 'https://api.hh.ru/areas/1'}",,"{'id': 'open', 'name': 'Открытая'}","{'city': 'Москва', 'street': 'улица Сергея Макеева', 'building': '13', 'lat': 55.763356, 'lng': 37.551259, 'description': None, 'raw': 'Москва, улица Сергея Макеева, 13', 'metro': {'station_name': 'Улица 1905 года', 'line_name': 'Таганско-Краснопресненская', 'station_id': '7.146', 'line_id': '7', 'lat': 55.763944, 'lng': 37.562271}, 'metro_stations': [{'station_name': 'Улица 1905 года', 'line_name': 'Таганско-Краснопресненская', 'station_id': '7.146', 'line_id': '7', 'lat': 55.763944, 'lng': 37.562271}], 'id': '1597485'}",,,2023-07-17T10:34:06+0300,2023-07-17T10:34:06+0300,False,https://hh.ru/applicant/vacancy_response?vacancyId=83530897,,https://api.hh.ru/vacancies/83530897?host=hh.ru,https://hh.ru/vacancy/83530897,[],"{'id': '3532201', 'name': 'Федеральный центр компетенций в сфере производительности труда', 'url': 'https://api.hh.ru/employers/3532201', 'alternate_url': 'https://hh.ru/employer/3532201', 'logo_urls': {'240': 'https://hhcdn.ru/employer-logo/3945532.png', '90': 'https://hhcdn.ru/employer-logo/3945531.png', 'original': 'https://hhcdn.ru/employer-logo-original/876164.png'}, 'vacancies_url': 'https://api.hh.ru/vacancies?employer_id=3532201', 'accredited_it_employer': False, 'trusted': True}","{'requirement': 'Знание законодательства о закупочной деятельности, наличие образования (курсы повышения образования и т.д.). Опыт нормотворческой деятельности. Опыт осуществления функционала в...', 'responsibility': 'Проверка работников компании на предмет выявления конфликта интересов. Администрирование сервиса геолокации, <highlighttext>аналитика</highlighttext> результатов еженедельного мониторинга, проверка выявленных фактов нарушения трудовой...'}",,,[],[],[],False,"[{'id': '120', 'name': 'Специалист службы безопасности'}]",False,"{'id': 'between3And6', 'name': 'От 3 до 6 лет'}","{'id': 'full', 'name': 'Полная занятость'}",,False
7,83556449,False,Коммерческий директор,,False,False,"{'id': '1', 'name': 'Москва', 'url': 'https://api.hh.ru/areas/1'}",,"{'id': 'open', 'name': 'Открытая'}","{'city': 'Москва', 'street': 'проспект Андропова', 'building': '8', 'lat': 55.69533872471896, 'lng': 37.664888906744956, 'description': None, 'raw': 'Москва, проспект Андропова, 8', 'metro': {'station_name': 'Технопарк', 'line_name': 'Замоскворецкая', 'station_id': '2.512', 'line_id': '2', 'lat': 55.695, 'lng': 37.664167}, 'metro_stations': [{'station_name': 'Технопарк', 'line_name': 'Замоскворецкая', 'station_id': '2.512', 'line_id': '2', 'lat': 55.695, 'lng': 37.664167}], 'id': '6197213'}",,,2023-07-17T14:39:50+0300,2023-07-17T14:39:50+0300,False,https://hh.ru/applicant/vacancy_response?vacancyId=83556449,,https://api.hh.ru/vacancies/83556449?host=hh.ru,https://hh.ru/vacancy/83556449,[],"{'id': '43883', 'name': 'Beorg', 'url': 'https://api.hh.ru/employers/43883', 'alternate_url': 'https://hh.ru/employer/43883', 'logo_urls': {'original': 'https://hhcdn.ru/employer-logo-original/467891.png', '240': 'https://hhcdn.ru/employer-logo/2313421.png', '90': 'https://hhcdn.ru/employer-logo/2313420.png'}, 'vacancies_url': 'https://api.hh.ru/vacancies?employer_id=43883', 'accredited_it_employer': False, 'trusted': True}","{'requirement': 'Опыт работы в продажах B2G (строго обязательно) и B2B от 7-ми лет, в т.ч. ', 'responsibility': 'Стратегическое и операционное управление коммерческим блоком (продажи, маркетинг, аккаунты). Формирование и организация единой команды управления: найм, ротация, развитие, оценка, постановка...'}",,,[],[],[],False,"[{'id': '53', 'name': 'Коммерческий директор (CCO)'}]",False,"{'id': 'moreThan6', 'name': 'Более 6 лет'}","{'id': 'full', 'name': 'Полная занятость'}",,False
8,83391430,False,Промоутер в аэропорт Внуково,,False,False,"{'id': '1', 'name': 'Москва', 'url': 'https://api.hh.ru/areas/1'}","{'from': 85000, 'to': 105000, 'currency': 'RUR', 'gross': True}","{'id': 'open', 'name': 'Открытая'}","{'city': 'Москва', 'street': 'аэропорт Внуково имени А.Н. Туполева', 'building': None, 'lat': 55.605058, 'lng': 37.286292, 'description': None, 'raw': 'Москва, аэропорт Внуково имени А.Н. Туполева', 'metro': {'station_name': 'Рассказовка', 'line_name': 'Солнцевская', 'station_id': '133.613', 'line_id': '133', 'lat': 55.6324, 'lng': 37.3328}, 'metro_stations': [{'station_name': 'Рассказовка', 'line_name': 'Солнцевская', 'station_id': '133.613', 'line_id': '133', 'lat': 55.6324, 'lng': 37.3328}], 'id': '13770399'}",,,2023-07-13T13:23:56+0300,2023-07-13T13:23:56+0300,False,https://hh.ru/applicant/vacancy_response?vacancyId=83391430,,https://api.hh.ru/vacancies/83391430?host=hh.ru,https://hh.ru/vacancy/83391430,[],"{'id': '1975264', 'name': 'Ситидрайв', 'url': 'https://api.hh.ru/employers/1975264', 'alternate_url': 'https://hh.ru/employer/1975264', 'logo_urls': {'original': 'https://hhcdn.ru/employer-logo-original/1076409.png', '240': 'https://hhcdn.ru/employer-logo/5926266.png', '90': 'https://hhcdn.ru/employer-logo/5926265.png'}, 'vacancies_url': 'https://api.hh.ru/vacancies?employer_id=1975264', 'accredited_it_employer': False, 'trusted': True}","{'requirement': 'Четкую грамотную речь. Активную жизненную позицию, коммуникабельность, энергичность. Позитивное мышление, желание зарабатывать.', 'responsibility': 'Встречать пассажиров в зоне получения багажа и регистрировать их в сервисе (для этого у Вас будет специальный промокод на первую...'}",,,[],[],[],False,"[{'id': '99', 'name': 'Промоутер'}]",True,"{'id': 'noExperience', 'name': 'Нет опыта'}","{'id': 'full', 'name': 'Полная занятость'}",,False
9,83064546,False,Стажер-разработчик,,False,False,"{'id': '2', 'name': 'Санкт-Петербург', 'url': 'https://api.hh.ru/areas/2'}","{'from': 40000, 'to': None, 'currency': 'RUR', 'gross': False}","{'id': 'open', 'name': 'Открытая'}",,,,2023-07-15T08:22:51+0300,2023-07-15T08:22:51+0300,False,https://hh.ru/applicant/vacancy_response?vacancyId=83064546,,https://api.hh.ru/vacancies/83064546?host=hh.ru,https://hh.ru/vacancy/83064546,[],"{'id': '1115346', 'name': 'Крит', 'url': 'https://api.hh.ru/employers/1115346', 'alternate_url': 'https://hh.ru/employer/1115346', 'logo_urls': {'90': 'https://hhcdn.ru/employer-logo/4332304.png', '240': 'https://hhcdn.ru/employer-logo/4332305.png', 'original': 'https://hhcdn.ru/employer-logo-original/961270.png'}, 'vacancies_url': 'https://api.hh.ru/vacancies?employer_id=1115346', 'accredited_it_employer': False, 'trusted': True}","{'requirement': 'Высшее образование. Знание основ баз данных. Знание основ объектно-ориентированного программирования. Знание SQL. Владение языками программирования. Знание Java, C#, Python...', 'responsibility': 'Тестирование результатов и устранение замечаний. Введение в проектную деятельность: Современные платформы бизнес-<highlighttext>аналитики</highlighttext>: Разработка с использованием двух языков программирования: Fore...'}",,,[],[],[],False,"[{'id': '96', 'name': 'Программист, разработчик'}]",False,"{'id': 'noExperience', 'name': 'Нет опыта'}","{'id': 'probation', 'name': 'Стажировка'}",,False
10,83546041,False,Тестировщик,,False,False,"{'id': '1', 'name': 'Москва', 'url': 'https://api.hh.ru/areas/1'}",,"{'id': 'open', 'name': 'Открытая'}",,,,2023-07-17T12:51:50+0300,2023-07-17T12:51:50+0300,False,https://hh.ru/applicant/vacancy_response?vacancyId=83546041,,https://api.hh.ru/vacancies/83546041?host=hh.ru,https://hh.ru/vacancy/83546041,[],"{'id': '1111946', 'name': 'Электронная торговая площадка Газпромбанка', 'url': 'https://api.hh.ru/employers/1111946', 'alternate_url': 'https://hh.ru/employer/1111946', 'logo_urls': {'original': 'https://hhcdn.ru/employer-logo-original/1026641.png', '240': 'https://hhcdn.ru/employer-logo/5727333.png', '90': 'https://hhcdn.ru/employer-logo/5727332.png'}, 'vacancies_url': 'https://api.hh.ru/vacancies?employer_id=1111946', 'accredited_it_employer': False, 'trusted': True}","{'requirement': 'Знание современных инструментов и методик тестирования ПО. Базовые знания о СУБД. Знание SQL, опыт написания запросов к БД. ', 'responsibility': 'Работа в среде управления тестированием (testrail, testlink и т.п.). Взаимодействие с командой проекта (разработчики, <highlighttext>аналитики</highlighttext>). Участие в приемо-сдаточных...'}",,,[],[],[],False,"[{'id': '124', 'name': 'Тестировщик'}]",False,"{'id': 'between1And3', 'name': 'От 1 года до 3 лет'}","{'id': 'full', 'name': 'Полная занятость'}",,False
11,83567837,False,Руководитель отдела маркетинга и корпоративных коммуникаций,"{'id': 'pochta-4352-office', 'name': '«Почта России», Офис'}",False,False,"{'id': '1', 'name': 'Москва', 'url': 'https://api.hh.ru/areas/1'}",,"{'id': 'open', 'name': 'Открытая'}","{'city': 'Москва', 'street': 'Кожевническая улица', 'building': '7', 'lat': 55.730487, 'lng': 37.645258, 'description': None, 'raw': 'Москва, Кожевническая улица, 7', 'metro': None, 'metro_stations': [], 'id': '3989537'}",,,2023-07-17T16:43:40+0300,2023-07-17T16:43:40+0300,False,https://hh.ru/applicant/vacancy_response?vacancyId=83567837,,https://api.hh.ru/vacancies/83567837?host=hh.ru,https://hh.ru/vacancy/83567837,[],"{'id': '4352', 'name': 'Почта России', 'url': 'https://api.hh.ru/employers/4352', 'alternate_url': 'https://hh.ru/employer/4352', 'logo_urls': {'original': 'https://hhcdn.ru/employer-logo-original/1013561.png', '90': 'https://hhcdn.ru/employer-logo/5675012.png', '240': 'https://hhcdn.ru/employer-logo/5675013.png'}, 'vacancies_url': 'https://api.hh.ru/vacancies?employer_id=4352', 'accredited_it_employer': False, 'trusted': True}","{'requirement': 'Навыки финансового анализа и планирования. Компетенции в области аналитических сервисов и сквозной <highlighttext>аналитики</highlighttext>. Высокая работоспособность и лидерские качества управления персоналом. ', 'responsibility': 'Формирование и поддержание маркетингового плана развития МР Москва. Контроль реализации рекламной поддержки услуг и брендов компании в рамках федеральных компаний...'}",,,[],[],[],False,"[{'id': '37', 'name': 'Директор по маркетингу и PR (CMO)'}]",False,"{'id': 'moreThan6', 'name': 'Более 6 лет'}","{'id': 'full', 'name': 'Полная занятость'}",,False
12,83568068,False,Директор по персоналу,,False,False,"{'id': '1', 'name': 'Москва', 'url': 'https://api.hh.ru/areas/1'}",,"{'id': 'open', 'name': 'Открытая'}","{'city': 'Москва', 'street': 'МКАД, 104-й километр', 'building': '8Ас1', 'lat': 55.808746, 'lng': 37.836878, 'description': None, 'raw': 'Москва, МКАД, 104-й километр, 8Ас1', 'metro': None, 'metro_stations': [], 'id': '12691679'}",,,2023-07-17T16:46:38+0300,2023-07-17T16:46:38+0300,False,https://hh.ru/applicant/vacancy_response?vacancyId=83568068,,https://api.hh.ru/vacancies/83568068?host=hh.ru,https://hh.ru/vacancy/83568068,[],"{'id': '906690', 'name': 'ГК Демидов', 'url': 'https://api.hh.ru/employers/906690', 'alternate_url': 'https://hh.ru/employer/906690', 'logo_urls': {'original': 'https://hhcdn.ru/employer-logo-original/658485.png', '90': 'https://hhcdn.ru/employer-logo/3075088.png', '240': 'https://hhcdn.ru/employer-logo/3075089.png'}, 'vacancies_url': 'https://api.hh.ru/vacancies?employer_id=906690', 'accredited_it_employer': False, 'trusted': True}","{'requirement': 'Высшее профильное образование. Опыт работы на аналогичной должности. Опыт работы в производственной сфере будет вашим преимуществом (штат не менее 500...', 'responsibility': 'Ротация кадров. Проведение анализа рынка труда. Ведение отчетности и <highlighttext>аналитики</highlighttext> по проделанной работе. Разработка HR-проектов компании. Анализ результатов работы...'}",,,[],[],[],False,"[{'id': '38', 'name': 'Директор по персоналу (HRD)'}]",False,"{'id': 'between3And6', 'name': 'От 3 до 6 лет'}","{'id': 'full', 'name': 'Полная занятость'}",,False
13,82928430,False,Python developer,,False,False,"{'id': '1', 'name': 'Москва', 'url': 'https://api.hh.ru/areas/1'}",,"{'id': 'open', 'name': 'Открытая'}","{'city': 'Москва', 'street': 'Одесская улица', 'building': '2кА', 'lat': 55.664472, 'lng': 37.599238, 'description': None, 'raw': 'Москва, Одесская улица, 2кА', 'metro': {'station_name': 'Нахимовский проспект', 'line_name': 'Серпуховско-Тимирязевская', 'station_id': '9.87', 'line_id': '9', 'lat': 55.662379, 'lng': 37.605274}, 'metro_stations': [{'station_name': 'Нахимовский проспект', 'line_name': 'Серпуховско-Тимирязевская', 'station_id': '9.87', 'line_id': '9', 'lat': 55.662379, 'lng': 37.605274}], 'id': '1927292'}",,,2023-07-03T15:33:22+0300,2023-07-03T15:33:22+0300,False,https://hh.ru/applicant/vacancy_response?vacancyId=82928430,,https://api.hh.ru/vacancies/82928430?host=hh.ru,https://hh.ru/vacancy/82928430,[],"{'id': '2575750', 'name': 'CoMagic.dev', 'url': 'https://api.hh.ru/employers/2575750', 'alternate_url': 'https://hh.ru/employer/2575750', 'logo_urls': {'original': 'https://hhcdn.ru/employer-logo-original/841305.png', '240': 'https://hhcdn.ru/employer-logo/3806100.png', '90': 'https://hhcdn.ru/employer-logo/3806099.png'}, 'vacancies_url': 'https://api.hh.ru/vacancies?employer_id=2575750', 'accredited_it_employer': False, 'trusted': True}","{'requirement': 'Коммерческий опыт разработки на Python на фреймворках Aiohttp/ Aioamqp – от 2 лет. Понимание базовых принципов работы API. Отличное понимание ООП. ', 'responsibility': 'Анализ API-сторонних сервисов и доработка собственных. Реализация stateless микросервисов. Разработка внутренних библиотек. Оптимизация узких мест в основной архитектуре продукта.'}",,,[],[],[],False,"[{'id': '96', 'name': 'Программист, разработчик'}]",False,"{'id': 'between1And3', 'name': 'От 1 года до 3 лет'}","{'id': 'full', 'name': 'Полная занятость'}",,False
14,83529065,False,Junior Product Manager,"{'id': '816144-816144-office', 'name': 'ВкусВилл. Офис'}",False,False,"{'id': '1', 'name': 'Москва', 'url': 'https://api.hh.ru/areas/1'}","{'from': None, 'to': 80000, 'currency': 'RUR', 'gross': False}","{'id': 'open', 'name': 'Открытая'}",,,,2023-07-17T10:13:27+0300,2023-07-17T10:13:27+0300,False,https://hh.ru/applicant/vacancy_response?vacancyId=83529065,,https://api.hh.ru/vacancies/83529065?host=hh.ru,https://hh.ru/vacancy/83529065,[],"{'id': '816144', 'name': 'ВкусВилл', 'url': 'https://api.hh.ru/employers/816144', 'alternate_url': 'https://hh.ru/employer/816144', 'logo_urls': {'240': 'https://hhcdn.ru/employer-logo/4154421.jpeg', '90': 'https://hhcdn.ru/employer-logo/4154420.jpeg', 'original': 'https://hhcdn.ru/employer-logo-original/928465.jpg'}, 'vacancies_url': 'https://api.hh.ru/vacancies?employer_id=816144', 'accredited_it_employer': False, 'trusted': True}","{'requirement': 'Умение грамотно описать свою гипотезу для разработчиков и <highlighttext>аналитиков</highlighttext>. Исключительные коммуникативные навыки. Уметь анализировать цифры и делать выводы. ', 'responsibility': 'Генерить гипотезы, проверять их вместе с <highlighttext>аналитиками</highlighttext>, разработкой и другими командами. Вести проект от идеи до релиза и немного после. '}",,,[],[],[],False,"[{'id': '164', 'name': 'Продуктовый аналитик'}]",False,"{'id': 'between1And3', 'name': 'От 1 года до 3 лет'}","{'id': 'full', 'name': 'Полная занятость'}",,False
15,83296038,False,Генеральный директор,,False,False,"{'id': '1', 'name': 'Москва', 'url': 'https://api.hh.ru/areas/1'}",,"{'id': 'open', 'name': 'Открытая'}",,,,2023-07-11T16:24:32+0300,2023-07-11T16:24:32+0300,False,https://hh.ru/applicant/vacancy_response?vacancyId=83296038,,https://api.hh.ru/vacancies/83296038?host=hh.ru,https://hh.ru/vacancy/83296038,[],"{'id': '3759815', 'name': 'ВЕРТИКАЛЬ', 'url': 'https://api.hh.ru/employers/3759815', 'alternate_url': 'https://hh.ru/employer/3759815', 'logo_urls': {'90': 'https://hhcdn.ru/employer-logo/5985825.jpeg', '240': 'https://hhcdn.ru/employer-logo/5985826.jpeg', 'original': 'https://hhcdn.ru/employer-logo-original/1091301.jpg'}, 'vacancies_url': 'https://api.hh.ru/vacancies?employer_id=3759815', 'accredited_it_employer': False, 'trusted': True}","{'requirement': 'Организаторские способности, в том числе тим-билдинг. Формирование профессиональной эффективной команды.', 'responsibility': 'Управление продажами компании (разработка стратегии продаж, увеличение объемов продаж, планирование, координация работы отдела, система мотивации отдела, система мотивации отдела, <highlighttext>аналитика</highlighttext>...'}",,,[],[],[],False,"[{'id': '26', 'name': 'Генеральный директор, исполнительный директор (CEO)'}]",False,"{'id': 'between3And6', 'name': 'От 3 до 6 лет'}","{'id': 'full', 'name': 'Полная занятость'}",,False
16,82310180,False,Младший IT аналитик,,False,False,"{'id': '1', 'name': 'Москва', 'url': 'https://api.hh.ru/areas/1'}","{'from': 100000, 'to': 150000, 'currency': 'RUR', 'gross': False}","{'id': 'open', 'name': 'Открытая'}",,,,2023-06-22T18:12:39+0300,2023-06-22T18:12:39+0300,False,https://hh.ru/applicant/vacancy_response?vacancyId=82310180,,https://api.hh.ru/vacancies/82310180?host=hh.ru,https://hh.ru/vacancy/82310180,[],"{'id': '5276997', 'name': 'CAPYBARA IT AGENCY', 'url': 'https://api.hh.ru/employers/5276997', 'alternate_url': 'https://hh.ru/employer/5276997', 'logo_urls': {'original': 'https://hhcdn.ru/employer-logo-original/1063802.png', '90': 'https://hhcdn.ru/employer-logo/5875841.png', '240': 'https://hhcdn.ru/employer-logo/5875842.png'}, 'vacancies_url': 'https://api.hh.ru/vacancies?employer_id=5276997', 'accredited_it_employer': False, 'trusted': True}","{'requirement': 'Опыт работы в разработке необязателен. Приветствуются базовые знания SQL.', 'responsibility': 'Сбор требований. Написание технических заданий. Анализ бизнес-процессов. Составление схем процессов в нотациях BPMN и UML. Постановка задач разработчикам. '}",,,[],[],[],False,"[{'id': '10', 'name': 'Аналитик'}]",True,"{'id': 'noExperience', 'name': 'Нет опыта'}","{'id': 'full', 'name': 'Полная занятость'}",,False
17,83494438,False,"Backend разработчик (Python, Junior), удаленно",,False,True,"{'id': '1', 'name': 'Москва', 'url': 'https://api.hh.ru/areas/1'}","{'from': 60000, 'to': None, 'currency': 'RUR', 'gross': True}","{'id': 'open', 'name': 'Открытая'}",,,,2023-07-16T10:36:21+0300,2023-07-16T10:36:21+0300,False,https://hh.ru/applicant/vacancy_response?vacancyId=83494438,,https://api.hh.ru/vacancies/83494438?host=hh.ru,https://hh.ru/vacancy/83494438,[],"{'id': '10073113', 'name': 'ДУНАЕВ МИХАИЛ АЛЕКСЕЕВИЧ', 'url': 'https://api.hh.ru/employers/10073113', 'alternate_url': 'https://hh.ru/employer/10073113', 'logo_urls': {'original': 'https://hhcdn.ru/employer-logo-original/1129772.png', '90': 'https://hhcdn.ru/employer-logo/6139677.png', '240': 'https://hhcdn.ru/employer-logo/6139678.png'}, 'vacancies_url': 'https://api.hh.ru/vacancies?employer_id=10073113', 'accredited_it_employer': False, 'trusted': False}","{'requirement': 'Опыт коммерческой работы на позиции backend-разработчика от полугода. Знания Python3, SQL и фреймворка Django. Опыт работы с библиотекой...', 'responsibility': 'Разрабатывать архитектуру приложения на Django + PostgreSQL. Работать с API маркетплейсов. Делать запросы для взаимодействия с фронтендом с помощью Graphene...'}",,,[],"[{'id': 'from_four_to_six_hours_in_a_day', 'name': 'Можно работать сменами по\xa04–6 часов в\xa0день'}]","[{'id': 'start_after_sixteen', 'name': 'Можно начинать работать после 16:00'}]",True,"[{'id': '96', 'name': 'Программист, разработчик'}]",False,"{'id': 'between1And3', 'name': 'От 1 года до 3 лет'}","{'id': 'full', 'name': 'Полная занятость'}",,False
18,83536836,False,QA Engineer,,False,False,"{'id': '2', 'name': 'Санкт-Петербург', 'url': 'https://api.hh.ru/areas/2'}","{'from': 80000, 'to': None, 'currency': 'RUR', 'gross': False}","{'id': 'open', 'name': 'Открытая'}","{'city': 'Санкт-Петербург', 'street': 'Якорная улица', 'building': '5', 'lat': 59.94207, 'lng': 30.421079, 'description': None, 'raw': 'Санкт-Петербург, Якорная улица, 5', 'metro': {'station_name': 'Ладожская', 'line_name': 'Правобережная', 'station_id': '17.242', 'line_id': '17', 'lat': 59.93243, 'lng': 30.439274}, 'metro_stations': [{'station_name': 'Ладожская', 'line_name': 'Правобережная', 'station_id': '17.242', 'line_id': '17', 'lat': 59.93243, 'lng': 30.439274}, {'station_name': 'Новочеркасская', 'line_name': 'Правобережная', 'station_id': '17.241', 'line_id': '17', 'lat': 59.929092, 'lng': 30.411915}], 'id': '3567563'}",,,2023-07-17T11:28:46+0300,2023-07-17T11:28:46+0300,False,https://hh.ru/applicant/vacancy_response?vacancyId=83536836,,https://api.hh.ru/vacancies/83536836?host=hh.ru,https://hh.ru/vacancy/83536836,[],"{'id': '1903752', 'name': 'ПИLКИ', 'url': 'https://api.hh.ru/employers/1903752', 'alternate_url': 'https://hh.ru/employer/1903752', 'logo_urls': {'240': 'https://hhcdn.ru/employer-logo/5764461.jpeg', '90': 'https://hhcdn.ru/employer-logo/5764460.jpeg', 'original': 'https://hhcdn.ru/employer-logo-original/1035925.jpeg'}, 'vacancies_url': 'https://api.hh.ru/vacancies?employer_id=1903752', 'accredited_it_employer': False, 'trusted': True}","{'requirement': 'QA Engineer (Manual / Automatic) с опытом тестирования сетевого взаимодействия и пониманием протокола HTTP, а также знанием методологий тестирования (ящики, анализ...', 'responsibility': 'Планшетные проекты - ряд сервисов для использования мастерами (контроль операционной деятельности, <highlighttext>аналитика</highlighttext>, автоматизация внутренних бизнес-процессов) и клиентами компании (entertainment, повышение...'}",,,[],[],[],True,"[{'id': '156', 'name': 'BI-аналитик, аналитик данных'}]",False,"{'id': 'between1And3', 'name': 'От 1 года до 3 лет'}","{'id': 'full', 'name': 'Полная занятость'}",,False
19,83422398,False,Менеджер маркетплейсов,,False,False,"{'id': '70', 'name': 'Оренбург', 'url': 'https://api.hh.ru/areas/70'}","{'from': 20000, 'to': 80000, 'currency': 'RUR', 'gross': False}","{'id': 'open', 'name': 'Открытая'}","{'city': 'Оренбург', 'street': 'улица Сергея Лазо', 'building': None, 'lat': 51.827145, 'lng': 55.127489, 'description': None, 'raw': 'Оренбург, улица Сергея Лазо', 'metro': None, 'metro_stations': [], 'id': '13783057'}",,,2023-07-14T09:23:15+0300,2023-07-14T09:23:15+0300,False,https://hh.ru/applicant/vacancy_response?vacancyId=83422398,,https://api.hh.ru/vacancies/83422398?host=hh.ru,https://hh.ru/vacancy/83422398,[],"{'id': '4128883', 'name': 'VR STAR', 'url': 'https://api.hh.ru/employers/4128883', 'alternate_url': 'https://hh.ru/employer/4128883', 'logo_urls': {'240': 'https://hhcdn.ru/employer-logo/5504293.png', '90': 'https://hhcdn.ru/employer-logo/5504292.png', 'original': 'https://hhcdn.ru/employer-logo-original/970860.png'}, 'vacancies_url': 'https://api.hh.ru/vacancies?employer_id=4128883', 'accredited_it_employer': False, 'trusted': True}","{'requirement': 'Готовый специалист по работе с маркетплейсами. Если у вас нет опыта - готовы рассмотреть по результатам тестирования. Грамотная речь и умение...', 'responsibility': 'Полный цикл работы с личными кабинетами: WILDBERRIES и OZON. Работа с контентом: сбор данных для SEO в аналитических сервисах (доступ...'}",,,[],"[{'id': 'from_four_to_six_hours_in_a_day', 'name': 'Можно работать сменами по\xa04–6 часов в\xa0день'}]",[],False,"[{'id': '70', 'name': 'Менеджер по продажам, менеджер по работе с клиентами'}]",False,"{'id': 'noExperience', 'name': 'Нет опыта'}","{'id': 'part', 'name': 'Частичная занятость'}",,False
20,83206514,False,Менеджер по работе с клиентами,,False,False,"{'id': '1', 'name': 'Москва', 'url': 'https://api.hh.ru/areas/1'}","{'from': 100000, 'to': None, 'currency': 'RUR', 'gross': False}","{'id': 'open', 'name': 'Открытая'}","{'city': 'Москва', 'street': 'Нижняя Красносельская улица', 'building': '35с9', 'lat': 55.776137, 'lng': 37.673987, 'description': None, 'raw': 'Москва, Нижняя Красносельская улица, 35с9', 'metro': {'station_name': 'Бауманская', 'line_name': 'Арбатско-Покровская', 'station_id': '3.17', 'line_id': '3', 'lat': 55.772405, 'lng': 37.67904}, 'metro_stations': [{'station_name': 'Бауманская', 'line_name': 'Арбатско-Покровская', 'station_id': '3.17', 'line_id': '3', 'lat': 55.772405, 'lng': 37.67904}], 'id': '4503651'}",,,2023-07-16T10:32:08+0300,2023-07-16T10:32:08+0300,False,https://hh.ru/applicant/vacancy_response?vacancyId=83206514,,https://api.hh.ru/vacancies/83206514?host=hh.ru,https://hh.ru/vacancy/83206514,[],"{'id': '4951745', 'name': 'Аналитика Бизнеса', 'url': 'https://api.hh.ru/employers/4951745', 'alternate_url': 'https://hh.ru/employer/4951745', 'logo_urls': {'original': 'https://hhcdn.ru/employer-logo-original/781089.png', '240': 'https://hhcdn.ru/employer-logo/3565248.png', '90': 'https://hhcdn.ru/employer-logo/3565247.png'}, 'vacancies_url': 'https://api.hh.ru/vacancies?employer_id=4951745', 'accredited_it_employer': False, 'trusted': True}","{'requirement': 'Любить бить рекорды! Рекорды - мотивируем хорошо и дополнительно!', 'responsibility': 'Устанавливать контакт с клиентами. Консультировать клиентов в офисе без разъездов. Заключать сделки на приобретение образовательных и консультационных услуг с клиентами.'}",,,[],[],[],False,"[{'id': '40', 'name': 'Другое'}]",True,"{'id': 'noExperience', 'name': 'Нет опыта'}","{'id': 'full', 'name': 'Полная занятость'}",,False
21,83344931,False,Ведущий/Старший специалист по кадровому учету,,False,False,"{'id': '1', 'name': 'Москва', 'url': 'https://api.hh.ru/areas/1'}","{'from': 126000, 'to': 163000, 'currency': 'RUR', 'gross': True}","{'id': 'open', 'name': 'Открытая'}","{'city': 'Москва', 'street': 'Велозаводская улица', 'building': '13с2', 'lat': 55.710743, 'lng': 37.669612, 'description': None, 'raw': 'Москва, Велозаводская улица, 13с2', 'metro': {'station_name': 'Автозаводская', 'line_name': 'Замоскворецкая', 'station_id': '2.2', 'line_id': '2', 'lat': 55.706634, 'lng': 37.657008}, 'metro_stations': [{'station_name': 'Автозаводская', 'line_name': 'Замоскворецкая', 'station_id': '2.2', 'line_id': '2', 'lat': 55.706634, 'lng': 37.657008}, {'station_name': 'Автозаводская', 'line_name': 'МЦК', 'station_id': '95.530', 'line_id': '95', 'lat': 55.70631, 'lng': 37.66314}, {'station_name': 'Дубровка', 'line_name': 'МЦК', 'station_id': '95.529', 'line_id': '95', 'lat': 55.71268, 'lng': 37.677775}], 'id': '6881203'}",,,2023-07-15T13:51:33+0300,2023-07-15T13:51:33+0300,False,https://hh.ru/applicant/vacancy_response?vacancyId=83344931,,https://api.hh.ru/vacancies/83344931?host=hh.ru,https://hh.ru/vacancy/83344931,[],"{'id': '1480667', 'name': 'Тагес Джамп', 'url': 'https://api.hh.ru/employers/1480667', 'alternate_url': 'https://hh.ru/employer/1480667', 'logo_urls': {'90': 'https://hhcdn.ru/employer-logo/3915579.png', '240': 'https://hhcdn.ru/employer-logo/3915580.png', 'original': 'https://hhcdn.ru/employer-logo-original/868676.png'}, 'vacancies_url': 'https://api.hh.ru/vacancies?employer_id=1480667', 'accredited_it_employer': False, 'trusted': True}","{'requirement': 'Опыт работы от 3-х лет. Высшее образование. Знание трудового законодательства и правил ведения документации. Хорошие аналитические способности, умение работать...', 'responsibility': 'Ведение кадрового делопроизводства в полном объеме (прием, увольнение, перевод, командировки, отпуска, больничные листы, оформление отпусков по беременности и родам, по...'}",,,[],[],[],False,"[{'id': '117', 'name': 'Специалист по кадрам'}]",False,"{'id': 'moreThan6', 'name': 'Более 6 лет'}","{'id': 'full', 'name': 'Полная занятость'}",,False
22,82310181,False,Младший IT аналитик,,False,False,"{'id': '2', 'name': 'Санкт-Петербург', 'url': 'https://api.hh.ru/areas/2'}","{'from': 100000, 'to': 120000, 'currency': 'RUR', 'gross': False}","{'id': 'open', 'name': 'Открытая'}",,,,2023-06-22T18:12:39+0300,2023-06-22T18:12:39+0300,False,https://hh.ru/applicant/vacancy_response?vacancyId=82310181,,https://api.hh.ru/vacancies/82310181?host=hh.ru,https://hh.ru/vacancy/82310181,[],"{'id': '5276997', 'name': 'CAPYBARA IT AGENCY', 'url': 'https://api.hh.ru/employers/5276997', 'alternate_url': 'https://hh.ru/employer/5276997', 'logo_urls': {'original': 'https://hhcdn.ru/employer-logo-original/1063802.png', '90': 'https://hhcdn.ru/employer-logo/5875841.png', '240': 'https://hhcdn.ru/employer-logo/5875842.png'}, 'vacancies_url': 'https://api.hh.ru/vacancies?employer_id=5276997', 'accredited_it_employer': False, 'trusted': True}","{'requirement': 'Опыт работы в разработке необязателен. Приветствуются базовые знания SQL.', 'responsibility': 'Сбор требований. Написание технических заданий. Анализ бизнес-процессов. Составление схем процессов в нотациях BPMN и UML. Постановка задач разработчикам. '}",,,[],[],[],False,"[{'id': '10', 'name': 'Аналитик'}]",True,"{'id': 'noExperience', 'name': 'Нет опыта'}","{'id': 'full', 'name': 'Полная занятость'}",,False
23,83044075,False,Руководитель отдела продаж (недвижимость),,False,False,"{'id': '88', 'name': 'Казань', 'url': 'https://api.hh.ru/areas/88'}","{'from': 150000, 'to': None, 'currency': 'RUR', 'gross': False}","{'id': 'open', 'name': 'Открытая'}","{'city': 'Казань', 'street': 'проспект Победы', 'building': None, 'lat': 55.771651, 'lng': 49.218937, 'description': None, 'raw': 'Казань, проспект Победы', 'metro': None, 'metro_stations': [], 'id': '11729853'}",,,2023-07-05T15:40:45+0300,2023-07-05T15:40:45+0300,False,https://hh.ru/applicant/vacancy_response?vacancyId=83044075,,https://api.hh.ru/vacancies/83044075?host=hh.ru,https://hh.ru/vacancy/83044075,[],"{'id': '1060821', 'name': 'Рост Развитие Решение', 'url': 'https://api.hh.ru/employers/1060821', 'alternate_url': 'https://hh.ru/employer/1060821', 'logo_urls': {'90': 'https://hhcdn.ru/employer-logo/874868.jpeg', '240': 'https://hhcdn.ru/employer-logo/874869.jpeg', 'original': 'https://hhcdn.ru/employer-logo-original/85446.jpg'}, 'vacancies_url': 'https://api.hh.ru/vacancies?employer_id=1060821', 'accredited_it_employer': False, 'trusted': True}","{'requirement': 'Успешный опыт управления отделом продаж не менее 1 года. Опыт работы в продажах от 2-х лет. Способность эффективно руководить...', 'responsibility': 'Планирование работы отдела. Проведение продуктовых обучений. Ежедневный разбор воронок, написание <highlighttext>аналитики</highlighttext> по дню/недели/месяцу. Разбор и помощь в ведении...'}",,,[],[],[],False,"[{'id': '106', 'name': 'Руководитель отдела продаж'}]",False,"{'id': 'between1And3', 'name': 'От 1 года до 3 лет'}","{'id': 'full', 'name': 'Полная занятость'}",,False
24,83334027,False,Data science,,False,False,"{'id': '1', 'name': 'Москва', 'url': 'https://api.hh.ru/areas/1'}","{'from': 95000, 'to': None, 'currency': 'RUR', 'gross': True}","{'id': 'open', 'name': 'Открытая'}","{'city': 'Москва', 'street': 'Новорязанская улица', 'building': '24', 'lat': 55.771591, 'lng': 37.665336, 'description': None, 'raw': 'Москва, Новорязанская улица, 24', 'metro': {'station_name': 'Бауманская', 'line_name': 'Арбатско-Покровская', 'station_id': '3.17', 'line_id': '3', 'lat': 55.772405, 'lng': 37.67904}, 'metro_stations': [{'station_name': 'Бауманская', 'line_name': 'Арбатско-Покровская', 'station_id': '3.17', 'line_id': '3', 'lat': 55.772405, 'lng': 37.67904}, {'station_name': 'Комсомольская', 'line_name': 'Сокольническая', 'station_id': '1.54', 'line_id': '1', 'lat': 55.774072, 'lng': 37.654565}, {'station_name': 'Комсомольская', 'line_name': 'Кольцевая', 'station_id': '5.55', 'line_id': '5', 'lat': 55.775672, 'lng': 37.654772}, {'station_name': 'Красные ворота', 'line_name': 'Сокольническая', 'station_id': '1.61', 'line_id': '1', 'lat': 55.768307, 'lng': 37.6478}], 'id': '1665915'}",,,2023-07-12T12:33:27+0300,2023-07-12T12:33:27+0300,False,https://hh.ru/applicant/vacancy_response?vacancyId=83334027,,https://api.hh.ru/vacancies/83334027?host=hh.ru,https://hh.ru/vacancy/83334027,[],"{'id': '3330917', 'name': 'Институт экономики и развития транспорта', 'url': 'https://api.hh.ru/employers/3330917', 'alternate_url': 'https://hh.ru/employer/3330917', 'logo_urls': {'original': 'https://hhcdn.ru/employer-logo-original/1056186.png', '90': 'https://hhcdn.ru/employer-logo/5845385.png', '240': 'https://hhcdn.ru/employer-logo/5845386.png'}, 'vacancies_url': 'https://api.hh.ru/vacancies?employer_id=3330917', 'accredited_it_employer': False, 'trusted': True}","{'requirement': 'Уверенное знание Python или R. Oпыт формирования дэшбордов в Power BI или аналогичной среде для разработки BI-<highlighttext>аналитики</highlighttext>.', 'responsibility': 'Проверка гипотез на больших массивах данных (в т.ч. при необходимости с использованием методов машинного обучения). Разработка нелинейных математических моделей...'}",,,[],[],[],False,"[{'id': '156', 'name': 'BI-аналитик, аналитик данных'}]",False,"{'id': 'noExperience', 'name': 'Нет опыта'}","{'id': 'full', 'name': 'Полная занятость'}",,False
25,83527405,False,UX/UI Дизайнер,,False,False,"{'id': '1', 'name': 'Москва', 'url': 'https://api.hh.ru/areas/1'}",,"{'id': 'open', 'name': 'Открытая'}",,,,2023-07-17T09:55:03+0300,2023-07-17T09:55:03+0300,False,https://hh.ru/applicant/vacancy_response?vacancyId=83527405,,https://api.hh.ru/vacancies/83527405?host=hh.ru,https://hh.ru/vacancy/83527405,[],"{'id': '87021', 'name': 'WILDBERRIES', 'url': 'https://api.hh.ru/employers/87021', 'alternate_url': 'https://hh.ru/employer/87021', 'logo_urls': {'original': 'https://hhcdn.ru/employer-logo-original/1042808.jpg', '240': 'https://hhcdn.ru/employer-logo/5791989.jpeg', '90': 'https://hhcdn.ru/employer-logo/5791988.jpeg'}, 'vacancies_url': 'https://api.hh.ru/vacancies?employer_id=87021', 'accredited_it_employer': False, 'trusted': True}","{'requirement': 'Коммерческий опыт на аналогичной должности от 2-х лет. Наличие портфолио (самостоятельно инициированных проектов, отражающих личные интересы, и/или проектов...', 'responsibility': 'Полный цикл работы с продуктом: <highlighttext>аналитика</highlighttext>, UX-исследования, анализ результатов внедрения. Дизайн новых фичей. Работа с дизайн-системой. '}",,,[],[],[],False,"[{'id': '34', 'name': 'Дизайнер, художник'}]",False,"{'id': 'between1And3', 'name': 'От 1 года до 3 лет'}","{'id': 'full', 'name': 'Полная занятость'}",,False
26,83436857,False,"Помощник (с таблицами, ozon, wb)",,False,True,"{'id': '58', 'name': 'Липецк', 'url': 'https://api.hh.ru/areas/58'}",,"{'id': 'open', 'name': 'Открытая'}",,,,2023-07-14T12:20:03+0300,2023-07-14T12:20:03+0300,False,https://hh.ru/applicant/vacancy_response?vacancyId=83436857,,https://api.hh.ru/vacancies/83436857?host=hh.ru,https://hh.ru/vacancy/83436857,[],"{'id': '3033062', 'name': 'Бурбон', 'url': 'https://api.hh.ru/employers/3033062', 'alternate_url': 'https://hh.ru/employer/3033062', 'logo_urls': {'240': 'https://hhcdn.ru/employer-logo/3842680.jpeg', '90': 'https://hhcdn.ru/employer-logo/3842679.jpeg', 'original': 'https://hhcdn.ru/employer-logo-original/850451.jpg'}, 'vacancies_url': 'https://api.hh.ru/vacancies?employer_id=3033062', 'accredited_it_employer': False, 'trusted': True}","{'requirement': 'Ваши способности: - Внимательность к задачам и деталям. - Исполнительность. - Навыки работы в гугл-таблицах, умение работать с цифрами и формулами будет...', 'responsibility': 'Проанализировать прайс-лист поставщика на предмет интересных нам товаров в сервисе <highlighttext>аналитики</highlighttext> по нужным нам критериям и заполнить найденные интересные...'}",,,[],"[{'id': 'from_four_to_six_hours_in_a_day', 'name': 'Можно работать сменами по\xa04–6 часов в\xa0день'}]","[{'id': 'start_after_sixteen', 'name': 'Можно начинать работать после 16:00'}]",False,"[{'id': '40', 'name': 'Другое'}]",True,"{'id': 'noExperience', 'name': 'Нет опыта'}","{'id': 'part', 'name': 'Частичная занятость'}",,False
27,83540248,False,QA Engineer (ПСБ Лаб),,False,False,"{'id': '1', 'name': 'Москва', 'url': 'https://api.hh.ru/areas/1'}",,"{'id': 'open', 'name': 'Открытая'}",,,,2023-07-17T12:02:16+0300,2023-07-17T12:02:16+0300,False,https://hh.ru/applicant/vacancy_response?vacancyId=83540248,,https://api.hh.ru/vacancies/83540248?host=hh.ru,https://hh.ru/vacancy/83540248,[],"{'id': '6591', 'name': 'ПСБ (ПАО «Промсвязьбанк»)', 'url': 'https://api.hh.ru/employers/6591', 'alternate_url': 'https://hh.ru/employer/6591', 'logo_urls': {'original': 'https://hhcdn.ru/employer-logo-original/681020.png', '240': 'https://hhcdn.ru/employer-logo/3165213.png', '90': 'https://hhcdn.ru/employer-logo/3165212.png'}, 'vacancies_url': 'https://api.hh.ru/vacancies?employer_id=6591', 'accredited_it_employer': False, 'trusted': True}","{'requirement': 'Уверенная работа в DEV-tools браузера. Опыт работы с базой данных PostgreSQL. Опыт работы с багтрекинговыми системами. Знание клиент-серверной...', 'responsibility': 'Функциональное тестирование системы, включая корректность расчётов рисков. Подготовка тестовой документации. Проверять новый функционал. Плотно работать с командами разработки и <highlighttext>аналитики</highlighttext>.'}",,,[],[],[],False,"[{'id': '124', 'name': 'Тестировщик'}]",False,"{'id': 'between1And3', 'name': 'От 1 года до 3 лет'}","{'id': 'full', 'name': 'Полная занятость'}",,False
28,81243049,False,Специалист по документообороту,,False,False,"{'id': '1', 'name': 'Москва', 'url': 'https://api.hh.ru/areas/1'}","{'from': None, 'to': 85000, 'currency': 'RUR', 'gross': False}","{'id': 'open', 'name': 'Открытая'}","{'city': 'Москва', 'street': '2-я Звенигородская улица', 'building': '13с43', 'lat': 55.762409, 'lng': 37.551959, 'description': None, 'raw': 'Москва, 2-я Звенигородская улица, 13с43', 'metro': None, 'metro_stations': [], 'id': '3536140'}",,,2023-06-28T12:22:25+0300,2023-06-28T12:22:25+0300,False,https://hh.ru/applicant/vacancy_response?vacancyId=81243049,,https://api.hh.ru/vacancies/81243049?host=hh.ru,https://hh.ru/vacancy/81243049,[],"{'id': '2700550', 'name': 'KONNEKTU', 'url': 'https://api.hh.ru/employers/2700550', 'alternate_url': 'https://hh.ru/employer/2700550', 'logo_urls': {'240': 'https://hhcdn.ru/employer-logo/2635370.png', '90': 'https://hhcdn.ru/employer-logo/2635369.png', 'original': 'https://hhcdn.ru/employer-logo-original/548474.png'}, 'vacancies_url': 'https://api.hh.ru/vacancies?employer_id=2700550', 'accredited_it_employer': False, 'trusted': True}","{'requirement': 'Опыт ведения делопроизводства (уметь работать с документами, ведение документооборота, формирования архива). Опыт работы с первичной бухгалтерской документацией. Опыт работы с...', 'responsibility': 'Ведение реестра входящих и исходящих документов, реестра счетов и договоров. Сбор, получение, проверка закрывающих документов от поставщиков услуг и внутренних...'}",,,[],[],[],False,"[{'id': '88', 'name': 'Офис-менеджер'}]",False,"{'id': 'between1And3', 'name': 'От 1 года до 3 лет'}","{'id': 'full', 'name': 'Полная занятость'}",,False
29,82974520,False,"Персональный ассистент в Family office (Лондон, удалённо)",,False,False,"{'id': '1', 'name': 'Москва', 'url': 'https://api.hh.ru/areas/1'}","{'from': 200000, 'to': None, 'currency': 'RUR', 'gross': True}","{'id': 'open', 'name': 'Открытая'}",,,,2023-07-04T13:24:19+0300,2023-07-04T13:24:19+0300,False,https://hh.ru/applicant/vacancy_response?vacancyId=82974520,,https://api.hh.ru/vacancies/82974520?host=hh.ru,https://hh.ru/vacancy/82974520,[],"{'id': '9766331', 'name': 'Ткачук Валерия', 'url': 'https://api.hh.ru/employers/9766331', 'alternate_url': 'https://hh.ru/employer/9766331', 'logo_urls': None, 'vacancies_url': 'https://api.hh.ru/vacancies?employer_id=9766331', 'accredited_it_employer': False, 'trusted': False}","{'requirement': 'Энергичность и проактивность с высоким уровнем самоорганизации. Ресерч и <highlighttext>аналитика</highlighttext>: умеете искать сложнодоступную информацию, знаете как правильно формулировать поисковые запросы...', 'responsibility': 'Поддержка 24/7. Организация мероприятий/вечеринок, покупка подарков. Поиск, анализ и систематизация информации. Ведение подробной электронной и бумажной документации для...'}",,,[],[],[],False,"[{'id': '110', 'name': 'Секретарь, помощник руководителя, ассистент'}]",False,"{'id': 'between3And6', 'name': 'От 3 до 6 лет'}","{'id': 'full', 'name': 'Полная занятость'}",,False
30,83558590,False,Продуктовый аналитик (junior),,True,False,"{'id': '2', 'name': 'Санкт-Петербург', 'url': 'https://api.hh.ru/areas/2'}",,"{'id': 'open', 'name': 'Открытая'}","{'city': 'Санкт-Петербург', 'street': '7-я линия Васильевского острова', 'building': '76', 'lat': 59.947775, 'lng': 30.272722, 'description': None, 'raw': 'Санкт-Петербург, 7-я линия Васильевского острова, 76', 'metro': {'station_name': 'Василеостровская', 'line_name': 'Невско-Василеостровская', 'station_id': '16.228', 'line_id': '16', 'lat': 59.942577, 'lng': 30.278254}, 'metro_stations': [{'station_name': 'Василеостровская', 'line_name': 'Невско-Василеостровская', 'station_id': '16.228', 'line_id': '16', 'lat': 59.942577, 'lng': 30.278254}], 'id': '4286803'}",,,2023-07-17T14:59:48+0300,2023-07-17T14:59:48+0300,False,https://hh.ru/applicant/vacancy_response?vacancyId=83558590,,https://api.hh.ru/vacancies/83558590?host=hh.ru,https://hh.ru/vacancy/83558590,[],"{'id': '1433262', 'name': 'НаПоправку', 'url': 'https://api.hh.ru/employers/1433262', 'alternate_url': 'https://hh.ru/employer/1433262', 'logo_urls': {'90': 'https://hhcdn.ru/employer-logo/3297640.png', '240': 'https://hhcdn.ru/employer-logo/3297641.png', 'original': 'https://hhcdn.ru/employer-logo-original/714131.png'}, 'vacancies_url': 'https://api.hh.ru/vacancies?employer_id=1433262', 'accredited_it_employer': False, 'trusted': True}","{'requirement': 'Опыт с коробочными системами <highlighttext>аналитики</highlighttext> (Google Analytics, Яндекс Метрика, Amplitude). Понимание основ веб-<highlighttext>аналитики</highlighttext> и Google Tag Manager. ', 'responsibility': 'Поддерживать систему сбора данных о поведении пользователей на основании событий для систем внешней <highlighttext>аналитики</highlighttext> (Amplitude, GA4, Яндекс Метрика, AppsFlyer). '}",,,[],[],[],False,"[{'id': '164', 'name': 'Продуктовый аналитик'}]",False,"{'id': 'noExperience', 'name': 'Нет опыта'}","{'id': 'full', 'name': 'Полная занятость'}",,False
31,83283387,False,Аналитик,,False,False,"{'id': '147', 'name': 'Ханты-Мансийск', 'url': 'https://api.hh.ru/areas/147'}","{'from': None, 'to': 140000, 'currency': 'RUR', 'gross': False}","{'id': 'open', 'name': 'Открытая'}",,,,2023-07-11T13:38:41+0300,2023-07-11T13:38:41+0300,False,https://hh.ru/applicant/vacancy_response?vacancyId=83283387,,https://api.hh.ru/vacancies/83283387?host=hh.ru,https://hh.ru/vacancy/83283387,[],"{'id': '10004460', 'name': 'Центр стратегических разработок Югры', 'url': 'https://api.hh.ru/employers/10004460', 'alternate_url': 'https://hh.ru/employer/10004460', 'logo_urls': None, 'vacancies_url': 'https://api.hh.ru/vacancies?employer_id=10004460', 'accredited_it_employer': False, 'trusted': False}","{'requirement': 'Высшее образование по экономике, статистике, прикладной информатике. Опыт анализа данных и построения прогнозов, участие в реализации аналитических проектов: проведение расчетов...', 'responsibility': 'Самостоятельное контентное наполнение своего блока работы (анализ отечественного, зарубежного опыта, поиск из официальных и (или) открытых источников информации и её...'}",,,[],[],[],False,"[{'id': '10', 'name': 'Аналитик'}]",False,"{'id': 'between1And3', 'name': 'От 1 года до 3 лет'}","{'id': 'full', 'name': 'Полная занятость'}",,False
32,83292231,False,Делопроизводитель,,False,False,"{'id': '1', 'name': 'Москва', 'url': 'https://api.hh.ru/areas/1'}","{'from': 126000, 'to': 162750, 'currency': 'RUR', 'gross': False}","{'id': 'open', 'name': 'Открытая'}",,,,2023-07-15T13:51:20+0300,2023-07-15T13:51:20+0300,False,https://hh.ru/applicant/vacancy_response?vacancyId=83292231,,https://api.hh.ru/vacancies/83292231?host=hh.ru,https://hh.ru/vacancy/83292231,[],"{'id': '1480667', 'name': 'Тагес Джамп', 'url': 'https://api.hh.ru/employers/1480667', 'alternate_url': 'https://hh.ru/employer/1480667', 'logo_urls': {'90': 'https://hhcdn.ru/employer-logo/3915579.png', '240': 'https://hhcdn.ru/employer-logo/3915580.png', 'original': 'https://hhcdn.ru/employer-logo-original/868676.png'}, 'vacancies_url': 'https://api.hh.ru/vacancies?employer_id=1480667', 'accredited_it_employer': False, 'trusted': True}","{'requirement': 'Опыт работы помощником, делопроизводителем от 2-х лет. Высшее образование. Знание трудового законодательства и правил ведения документации. Хорошие аналитические способности...', 'responsibility': 'Подготовка документов (договора, NDA, счета, закрывающие документы, акты сверки, гарантийные письма и т.д.). Отслеживание сроков оплат. Составление договоров по...'}",,,[],[],[],False,"[{'id': '33', 'name': 'Делопроизводитель, архивариус'}]",False,"{'id': 'between3And6', 'name': 'От 3 до 6 лет'}","{'id': 'full', 'name': 'Полная занятость'}",,False
33,83511161,False,Аналитик данных ML/ Data Science,,False,False,"{'id': '1', 'name': 'Москва', 'url': 'https://api.hh.ru/areas/1'}",,"{'id': 'open', 'name': 'Открытая'}","{'city': 'Москва', 'street': '3-й проезд Марьиной Рощи', 'building': None, 'lat': 55.796415, 'lng': 37.616584, 'description': None, 'raw': 'Москва, 3-й проезд Марьиной Рощи', 'metro': {'station_name': 'Марьина Роща', 'line_name': 'Люблинско-Дмитровская', 'station_id': '10.185', 'line_id': '10', 'lat': 55.793723, 'lng': 37.61618}, 'metro_stations': [{'station_name': 'Марьина Роща', 'line_name': 'Люблинско-Дмитровская', 'station_id': '10.185', 'line_id': '10', 'lat': 55.793723, 'lng': 37.61618}], 'id': '1016231'}",,,2023-07-17T00:02:54+0300,2023-07-17T00:02:54+0300,False,https://hh.ru/applicant/vacancy_response?vacancyId=83511161,,https://api.hh.ru/vacancies/83511161?host=hh.ru,https://hh.ru/vacancy/83511161,[],"{'id': '3185191', 'name': 'Аналитические программные решения', 'url': 'https://api.hh.ru/employers/3185191', 'alternate_url': 'https://hh.ru/employer/3185191', 'logo_urls': {'240': 'https://hhcdn.ru/employer-logo/6060474.png', '90': 'https://hhcdn.ru/employer-logo/6060473.png', 'original': 'https://hhcdn.ru/employer-logo-original/1109968.png'}, 'vacancies_url': 'https://api.hh.ru/vacancies?employer_id=3185191', 'accredited_it_employer': False, 'trusted': True}","{'requirement': 'Умение погрузиться в предметную область проекта и при необходимости – оперативно и самостоятельно восполнить недостаток знаний по ней. Умение подобрать методы...', 'responsibility': 'Разработка моделей для решения задач с использованием методов машинного обучения. Подготовка датафреймов для обучения. Встраивание моделей в существующие операционные процессы. '}",,,[],[],[],False,"[{'id': '165', 'name': 'Дата-сайентист'}]",False,"{'id': 'between1And3', 'name': 'От 1 года до 3 лет'}","{'id': 'full', 'name': 'Полная занятость'}",,False
34,83542124,False,Специалист по тестированию,"{'id': '219464-219464-it', 'name': 'Первая Грузовая Компания, IT/Digital'}",False,False,"{'id': '1', 'name': 'Москва', 'url': 'https://api.hh.ru/areas/1'}",,"{'id': 'open', 'name': 'Открытая'}",,,,2023-07-17T12:22:03+0300,2023-07-17T12:22:03+0300,False,https://hh.ru/applicant/vacancy_response?vacancyId=83542124,,https://api.hh.ru/vacancies/83542124?host=hh.ru,https://hh.ru/vacancy/83542124,[],"{'id': '219464', 'name': 'Первая Грузовая Компания', 'url': 'https://api.hh.ru/employers/219464', 'alternate_url': 'https://hh.ru/employer/219464', 'logo_urls': {'90': 'https://hhcdn.ru/employer-logo/352252.png', '240': 'https://hhcdn.ru/employer-logo/425109.png', 'original': 'https://hhcdn.ru/employer-logo-original/188823.GIF'}, 'vacancies_url': 'https://api.hh.ru/vacancies?employer_id=219464', 'accredited_it_employer': False, 'trusted': True}","{'requirement': 'Опыт работы в области тестирования программного обеспечения от 2 лет. Знание основ и видов тестирования программного обеспечения, умение применять имеющиеся...', 'responsibility': 'Проведением тестирования. Фиксированием и анализом результатов тестирования. Созданием отчётов о дефектах. Взаимодействием с <highlighttext>аналитиками</highlighttext>, разработчиками и сотрудниками других структурных подразделений.'}",,,[],[],[],False,"[{'id': '124', 'name': 'Тестировщик'}]",False,"{'id': 'between1And3', 'name': 'От 1 года до 3 лет'}","{'id': 'full', 'name': 'Полная занятость'}",,False
35,83517230,False,Менеджер диспетчерского отдела,,False,False,"{'id': '1220', 'name': 'Бийск', 'url': 'https://api.hh.ru/areas/1220'}","{'from': 40000, 'to': None, 'currency': 'RUR', 'gross': False}","{'id': 'open', 'name': 'Открытая'}",,,,2023-07-17T07:58:10+0300,2023-07-17T07:58:10+0300,False,https://hh.ru/applicant/vacancy_response?vacancyId=83517230,,https://api.hh.ru/vacancies/83517230?host=hh.ru,https://hh.ru/vacancy/83517230,[],"{'id': '39250', 'name': 'ЭВАЛАР', 'url': 'https://api.hh.ru/employers/39250', 'alternate_url': 'https://hh.ru/employer/39250', 'logo_urls': {'original': 'https://hhcdn.ru/employer-logo-original/223861.jpg', '90': 'https://hhcdn.ru/employer-logo/1003022.jpeg', '240': 'https://hhcdn.ru/employer-logo/1003023.jpeg'}, 'vacancies_url': 'https://api.hh.ru/vacancies?employer_id=39250', 'accredited_it_employer': False, 'trusted': True}","{'requirement': 'Высшее образование. Опыт работы в сфере логистики не менее 1 года. Уверенный пользователь ПК.', 'responsibility': 'Организация работы привлеченного транспорта и спецтехники. Ведение договорных отношений, оплата счетов, проведение <highlighttext>аналитики</highlighttext>. Организация и обеспечение технологических, производственных и пассажирских...'}",,,[],[],[],False,"[{'id': '39', 'name': 'Диспетчер'}]",False,"{'id': 'between1And3', 'name': 'От 1 года до 3 лет'}","{'id': 'full', 'name': 'Полная занятость'}",,False
36,83258386,False,Специалист по подбору персонала/Рекрутер,,False,False,"{'id': '1', 'name': 'Москва', 'url': 'https://api.hh.ru/areas/1'}",,"{'id': 'open', 'name': 'Открытая'}","{'city': 'Москва', 'street': 'Бережковская набережная', 'building': '22с4', 'lat': 55.732124, 'lng': 37.550944, 'description': None, 'raw': 'Москва, Бережковская набережная, 22с4', 'metro': {'station_name': 'Киевская', 'line_name': 'Кольцевая', 'station_id': '5.49', 'line_id': '5', 'lat': 55.74361, 'lng': 37.56735}, 'metro_stations': [{'station_name': 'Киевская', 'line_name': 'Кольцевая', 'station_id': '5.49', 'line_id': '5', 'lat': 55.74361, 'lng': 37.56735}], 'id': '13750574'}",,,2023-07-11T09:16:00+0300,2023-07-11T09:16:00+0300,False,https://hh.ru/applicant/vacancy_response?vacancyId=83258386,,https://api.hh.ru/vacancies/83258386?host=hh.ru,https://hh.ru/vacancy/83258386,[],"{'id': '9764865', 'name': 'Единый центр карьеры Госкорпорации Роскосмос', 'url': 'https://api.hh.ru/employers/9764865', 'alternate_url': 'https://hh.ru/employer/9764865', 'logo_urls': {'240': 'https://hhcdn.ru/employer-logo/6090478.png', '90': 'https://hhcdn.ru/employer-logo/6090477.png', 'original': 'https://hhcdn.ru/employer-logo-original/1117470.png'}, 'vacancies_url': 'https://api.hh.ru/vacancies?employer_id=9764865', 'accredited_it_employer': False, 'trusted': True}","{'requirement': 'Знание и владение различными инструментами поиска (работные сайты, мессенджеры, соц.сети, прямой поиск, рекомендации и т.д.). Ведения <highlighttext>аналитики</highlighttext> и отчетности...', 'responsibility': 'Поиск и подбор квалифицированного рабочего персонала, ИТР на производственные площадки. Размещение вакансий на job-ресурсах, мессенджерах, в социальных сетях, нестандартное...'}",,,[],[],[],False,"[{'id': '118', 'name': 'Специалист по подбору персонала'}]",False,"{'id': 'between3And6', 'name': 'От 3 до 6 лет'}","{'id': 'full', 'name': 'Полная занятость'}",,False
37,83440589,False,Территориальный управляющий розничной сетью,,False,False,"{'id': '212', 'name': 'Тольятти', 'url': 'https://api.hh.ru/areas/212'}","{'from': 150000, 'to': None, 'currency': 'RUR', 'gross': True}","{'id': 'open', 'name': 'Открытая'}","{'city': 'Тольятти', 'street': 'улица Свердлова', 'building': '51', 'lat': 53.529449, 'lng': 49.264068, 'description': None, 'raw': 'Тольятти, улица Свердлова, 51', 'metro': None, 'metro_stations': [], 'id': '13704032'}",,,2023-07-14T13:14:11+0300,2023-07-14T13:14:11+0300,False,https://hh.ru/applicant/vacancy_response?vacancyId=83440589,,https://api.hh.ru/vacancies/83440589?host=hh.ru,https://hh.ru/vacancy/83440589,[],"{'id': '9319612', 'name': 'Гарвардт Елена Валерьевна', 'url': 'https://api.hh.ru/employers/9319612', 'alternate_url': 'https://hh.ru/employer/9319612', 'logo_urls': {'240': 'https://hhcdn.ru/employer-logo/5809786.jpeg', '90': 'https://hhcdn.ru/employer-logo/5809785.jpeg', 'original': 'https://hhcdn.ru/employer-logo-original/1047283.jpg'}, 'vacancies_url': 'https://api.hh.ru/vacancies?employer_id=9319612', 'accredited_it_employer': False, 'trusted': False}","{'requirement': 'Опыт работы на должности управляющего/директора розничной сети/группы магазинов не менее 3-х лет(желательно в сфере продуктов питания). ', 'responsibility': 'Обеспечение высокого уровня персонального обслуживания. Контроль доходов и расходов, оптимизация затрат, поиск эффективных решений по увеличению прибыли. Организация работы объектов...'}",,,[],[],[],False,"[{'id': '53', 'name': 'Коммерческий директор (CCO)'}]",True,"{'id': 'between3And6', 'name': 'От 3 до 6 лет'}","{'id': 'full', 'name': 'Полная занятость'}",,False
38,83425006,False,Менеджер по маркетплейсам (удаленно),,False,False,"{'id': '1', 'name': 'Москва', 'url': 'https://api.hh.ru/areas/1'}","{'from': 20000, 'to': None, 'currency': 'RUR', 'gross': False}","{'id': 'open', 'name': 'Открытая'}",,,,2023-07-14T09:59:33+0300,2023-07-14T09:59:33+0300,False,https://hh.ru/applicant/vacancy_response?vacancyId=83425006,,https://api.hh.ru/vacancies/83425006?host=hh.ru,https://hh.ru/vacancy/83425006,[],"{'id': '9325449', 'name': 'Казаринов Кирилл Валерьевич', 'url': 'https://api.hh.ru/employers/9325449', 'alternate_url': 'https://hh.ru/employer/9325449', 'logo_urls': None, 'vacancies_url': 'https://api.hh.ru/vacancies?employer_id=9325449', 'accredited_it_employer': False, 'trusted': True}","{'requirement': 'Умение работать с гугл-таблицами, знание основных формул.', 'responsibility': 'Работа со складом и использование программ <highlighttext>аналитики</highlighttext>. Выполнение различных мелких задач. Три раза в неделю проводятся рабочие планерки для обсуждения...'}",,,[],[],[],True,"[{'id': '40', 'name': 'Другое'}]",True,"{'id': 'noExperience', 'name': 'Нет опыта'}","{'id': 'part', 'name': 'Частичная занятость'}",,False
39,83362239,False,Стажер по направлению Аналитика и Data Science,,False,False,"{'id': '2', 'name': 'Санкт-Петербург', 'url': 'https://api.hh.ru/areas/2'}",,"{'id': 'open', 'name': 'Открытая'}",,,,2023-07-12T22:17:18+0300,2023-07-12T22:17:18+0300,False,https://hh.ru/applicant/vacancy_response?vacancyId=83362239,,https://api.hh.ru/vacancies/83362239?host=hh.ru,https://hh.ru/vacancy/83362239,[],"{'id': '1304253', 'name': 'Changellenge', 'url': 'https://api.hh.ru/employers/1304253', 'alternate_url': 'https://hh.ru/employer/1304253', 'logo_urls': {'original': 'https://hhcdn.ru/employer-logo-original/1025286.png', '240': 'https://hhcdn.ru/employer-logo/5721913.png', '90': 'https://hhcdn.ru/employer-logo/5721912.png'}, 'vacancies_url': 'https://api.hh.ru/vacancies?employer_id=1304253', 'accredited_it_employer': False, 'trusted': True}","{'requirement': 'Выпускник вуза или начинающий специалист «Норникеля» с опытом работы не более трех лет. Профильное образование по инженерной или технической специальности.', 'responsibility': 'Работать с SQL и Python. Работать с IoT-системами и сенсорами для сбора данных о состоянии оборудования. Участвовать в проектах...'}",,,[],[],[],False,"[{'id': '10', 'name': 'Аналитик'}]",False,"{'id': 'noExperience', 'name': 'Нет опыта'}","{'id': 'probation', 'name': 'Стажировка'}",,False
40,83553518,False,Директор по продажам,,False,False,"{'id': '1', 'name': 'Москва', 'url': 'https://api.hh.ru/areas/1'}",,"{'id': 'open', 'name': 'Открытая'}","{'city': 'Москва', 'street': 'улица Бутлерова', 'building': '17', 'lat': 55.650145, 'lng': 37.539626, 'description': None, 'raw': 'Москва, улица Бутлерова, 17', 'metro': {'station_name': 'Беляево', 'line_name': 'Калужско-Рижская', 'station_id': '6.21', 'line_id': '6', 'lat': 55.642357, 'lng': 37.526115}, 'metro_stations': [{'station_name': 'Беляево', 'line_name': 'Калужско-Рижская', 'station_id': '6.21', 'line_id': '6', 'lat': 55.642357, 'lng': 37.526115}, {'station_name': 'Калужская', 'line_name': 'Калужско-Рижская', 'station_id': '6.41', 'line_id': '6', 'lat': 55.656682, 'lng': 37.540075}], 'id': '5169730'}",,,2023-07-17T14:09:33+0300,2023-07-17T14:09:33+0300,False,https://hh.ru/applicant/vacancy_response?vacancyId=83553518,,https://api.hh.ru/vacancies/83553518?host=hh.ru,https://hh.ru/vacancy/83553518,[],"{'id': '1235466', 'name': 'ABS GROUP', 'url': 'https://api.hh.ru/employers/1235466', 'alternate_url': 'https://hh.ru/employer/1235466', 'logo_urls': {'original': 'https://hhcdn.ru/employer-logo-original/1083538.jpg', '240': 'https://hhcdn.ru/employer-logo/5954782.jpeg', '90': 'https://hhcdn.ru/employer-logo/5954781.jpeg'}, 'vacancies_url': 'https://api.hh.ru/vacancies?employer_id=1235466', 'accredited_it_employer': False, 'trusted': True}","{'requirement': 'Высшее образование. Знание английского языка будет являться преимуществом. Готовность к командировкам. Умение вести переговоры, убеждать и добиваться результатов (личные продажи). ', 'responsibility': 'Создание отдела продаж, формирование оптимальной структуры направления дилерской сети. Организация эффективной работы. Формирование стандартов по работе с дилерской сетью, контроль...'}",,,[],[],[],False,"[{'id': '106', 'name': 'Руководитель отдела продаж'}]",False,"{'id': 'between1And3', 'name': 'От 1 года до 3 лет'}","{'id': 'full', 'name': 'Полная занятость'}",,False
41,82169400,False,Специалист по работе с инвесторами,,False,False,"{'id': '1', 'name': 'Москва', 'url': 'https://api.hh.ru/areas/1'}","{'from': 150000, 'to': None, 'currency': 'RUR', 'gross': True}","{'id': 'open', 'name': 'Открытая'}","{'city': 'Москва', 'street': 'Котельническая набережная', 'building': '25с1', 'lat': 55.743036, 'lng': 37.644944, 'description': None, 'raw': 'Москва, Котельническая набережная, 25с1', 'metro': {'station_name': 'Марксистская', 'line_name': 'Калининская', 'station_id': '8.78', 'line_id': '8', 'lat': 55.740746, 'lng': 37.65604}, 'metro_stations': [{'station_name': 'Марксистская', 'line_name': 'Калининская', 'station_id': '8.78', 'line_id': '8', 'lat': 55.740746, 'lng': 37.65604}, {'station_name': 'Таганская', 'line_name': 'Кольцевая', 'station_id': '5.76', 'line_id': '5', 'lat': 55.742396, 'lng': 37.653334}, {'station_name': 'Таганская', 'line_name': 'Таганско-Краснопресненская', 'station_id': '7.77', 'line_id': '7', 'lat': 55.739502, 'lng': 37.653605}], 'id': '3575314'}",,,2023-06-20T11:26:02+0300,2023-06-20T11:26:02+0300,False,https://hh.ru/applicant/vacancy_response?vacancyId=82169400,,https://api.hh.ru/vacancies/82169400?host=hh.ru,https://hh.ru/vacancy/82169400,[],"{'id': '4508372', 'name': 'Столичный Центр Финансирования', 'url': 'https://api.hh.ru/employers/4508372', 'alternate_url': 'https://hh.ru/employer/4508372', 'logo_urls': {'90': 'https://hhcdn.ru/employer-logo/3310080.png', '240': 'https://hhcdn.ru/employer-logo/3310081.png', 'original': 'https://hhcdn.ru/employer-logo-original/717241.png'}, 'vacancies_url': 'https://api.hh.ru/vacancies?employer_id=4508372', 'accredited_it_employer': False, 'trusted': True}","{'requirement': '...с инвесторами, состоятельными клиентами. Проницательность, развитое логическое мышление, аналитические способности, эффективное принятие решений. Знания в области финансов, кредитования, инвестиционной <highlighttext>аналитики</highlighttext>.', 'responsibility': 'Формирование и сопровождение базы клиентов (входящий поток от рекламы). Подбор и продажа инвестиционного продукта (облигации, выпущенные в счет ипотечных. Закладных).'}",,,[],[],[],False,"[{'id': '134', 'name': 'Финансовый аналитик, инвестиционный аналитик'}]",True,"{'id': 'between1And3', 'name': 'От 1 года до 3 лет'}","{'id': 'full', 'name': 'Полная занятость'}",,False
42,83349737,False,QA Engineer,,True,False,"{'id': '1', 'name': 'Москва', 'url': 'https://api.hh.ru/areas/1'}",,"{'id': 'open', 'name': 'Открытая'}",,,,2023-07-12T15:37:37+0300,2023-07-12T15:37:37+0300,False,https://hh.ru/applicant/vacancy_response?vacancyId=83349737,,https://api.hh.ru/vacancies/83349737?host=hh.ru,https://hh.ru/vacancy/83349737,[],"{'id': '160748', 'name': 'ГНИВЦ', 'url': 'https://api.hh.ru/employers/160748', 'alternate_url': 'https://hh.ru/employer/160748', 'logo_urls': {'240': 'https://hhcdn.ru/employer-logo/1825131.png', '90': 'https://hhcdn.ru/employer-logo/1825130.png', 'original': 'https://hhcdn.ru/employer-logo-original/345716.bmp'}, 'vacancies_url': 'https://api.hh.ru/vacancies?employer_id=160748', 'accredited_it_employer': False, 'trusted': True}","{'requirement': 'Опыт написания автотестов и тем более разработка тестовых фреймворков - значительный плюс. Тестирование требований, работа в команде с <highlighttext>аналитиком</highlighttext> и группой...', 'responsibility': 'Анализ и работа с требованиями. Определения признаков слабой тестируемости проектируемого функционала. Определение критериев приёмки. Написание тестовой документации, как при наличии...'}",,,[],[],[],False,"[{'id': '124', 'name': 'Тестировщик'}]",False,"{'id': 'noExperience', 'name': 'Нет опыта'}","{'id': 'full', 'name': 'Полная занятость'}",,False
43,83380876,False,Исполнительный директор,,False,False,"{'id': '2', 'name': 'Санкт-Петербург', 'url': 'https://api.hh.ru/areas/2'}","{'from': 250000, 'to': 500000, 'currency': 'RUR', 'gross': False}","{'id': 'open', 'name': 'Открытая'}",,,,2023-07-13T11:14:05+0300,2023-07-13T11:14:05+0300,False,https://hh.ru/applicant/vacancy_response?vacancyId=83380876,,https://api.hh.ru/vacancies/83380876?host=hh.ru,https://hh.ru/vacancy/83380876,[],"{'id': '4508336', 'name': 'HR Development', 'url': 'https://api.hh.ru/employers/4508336', 'alternate_url': 'https://hh.ru/employer/4508336', 'logo_urls': {'original': 'https://hhcdn.ru/employer-logo-original/758032.jpg', '90': 'https://hhcdn.ru/employer-logo/3473085.jpeg', '240': 'https://hhcdn.ru/employer-logo/3473086.jpeg'}, 'vacancies_url': 'https://api.hh.ru/vacancies?employer_id=4508336', 'accredited_it_employer': False, 'trusted': True}","{'requirement': 'Вашим преимуществом будет: Опыт работы коммерческим директором от 3 лет, исполнительным от 3 лет. Опыт работы с промышленной эффективностью предприятия. ', 'responsibility': 'Оптимизация, выстраивание и автоматизация бизнес-процессов. <highlighttext>Аналитика</highlighttext> работы всех структурных подразделений. Регулярный ежедневный менеджмент, направленный на достижение установленных показателей прибыли...'}",,,[],[],[],False,"[{'id': '26', 'name': 'Генеральный директор, исполнительный директор (CEO)'}]",False,"{'id': 'between1And3', 'name': 'От 1 года до 3 лет'}","{'id': 'full', 'name': 'Полная занятость'}",,False
44,83529649,False,"Специалист в IT-отдел, веб-аналитик",,False,False,"{'id': '1', 'name': 'Москва', 'url': 'https://api.hh.ru/areas/1'}","{'from': 40000, 'to': 90000, 'currency': 'RUR', 'gross': False}","{'id': 'open', 'name': 'Открытая'}","{'city': 'Москва', 'street': 'Люблинско-Дмитровская линия', 'building': 'метро Римская', 'lat': 55.746233, 'lng': 37.681245, 'description': None, 'raw': 'Москва, Люблинско-Дмитровская линия, метро Римская', 'metro': {'station_name': 'Римская', 'line_name': 'Люблинско-Дмитровская', 'station_id': '10.113', 'line_id': '10', 'lat': 55.747027, 'lng': 37.679996}, 'metro_stations': [{'station_name': 'Римская', 'line_name': 'Люблинско-Дмитровская', 'station_id': '10.113', 'line_id': '10', 'lat': 55.747027, 'lng': 37.679996}], 'id': '7669412'}",,,2023-07-17T10:19:51+0300,2023-07-17T10:19:51+0300,False,https://hh.ru/applicant/vacancy_response?vacancyId=83529649,,https://api.hh.ru/vacancies/83529649?host=hh.ru,https://hh.ru/vacancy/83529649,[],"{'id': '6109461', 'name': 'Simtu', 'url': 'https://api.hh.ru/employers/6109461', 'alternate_url': 'https://hh.ru/employer/6109461', 'logo_urls': {'240': 'https://hhcdn.ru/employer-logo/4245445.png', '90': 'https://hhcdn.ru/employer-logo/4245444.png', 'original': 'https://hhcdn.ru/employer-logo-original/951228.png'}, 'vacancies_url': 'https://api.hh.ru/vacancies?employer_id=6109461', 'accredited_it_employer': False, 'trusted': True}","{'requirement': 'Учитесь на последних курсах бакалавриата/магистратуры. Имеете аналитический склад ума, критическое мышление, системность, ответственность, интерес к технологиям, уверенная работа с...', 'responsibility': 'Амбициозная команда из 50 специалистов: менеджеры проектов, маркетологи, трафик-менеджеры, веб-<highlighttext>аналитики</highlighttext>, разработчики, дизайнеры. Строим системы лидогенераций для производственных проектов...'}",,,[],[],[],False,"[{'id': '40', 'name': 'Другое'}]",False,"{'id': 'noExperience', 'name': 'Нет опыта'}","{'id': 'full', 'name': 'Полная занятость'}",,False
45,83296974,False,Заместитель генерального директора по экономике и финансам,,False,False,"{'id': '1', 'name': 'Москва', 'url': 'https://api.hh.ru/areas/1'}",,"{'id': 'open', 'name': 'Открытая'}",,,,2023-07-11T16:40:37+0300,2023-07-11T16:40:37+0300,False,https://hh.ru/applicant/vacancy_response?vacancyId=83296974,,https://api.hh.ru/vacancies/83296974?host=hh.ru,https://hh.ru/vacancy/83296974,[],"{'id': '3698181', 'name': 'САЛАИР', 'url': 'https://api.hh.ru/employers/3698181', 'alternate_url': 'https://hh.ru/employer/3698181', 'logo_urls': {'original': 'https://hhcdn.ru/employer-logo-original/1067233.PNG', '90': 'https://hhcdn.ru/employer-logo/5889561.png', '240': 'https://hhcdn.ru/employer-logo/5889562.png'}, 'vacancies_url': 'https://api.hh.ru/vacancies?employer_id=3698181', 'accredited_it_employer': False, 'trusted': True}","{'requirement': 'Успешный опыт работы в аналогичной должности в крупной компании не менее 5-ти лет (опыт в крупных логистических компаниях в...', 'responsibility': 'российские и зарубежные банки, инвестиционные и финансовые компании, <highlighttext>аналитики</highlighttext>. Лизинг. Разработка и анализ инвестиционных проектов. Полное финансовое сопровождение инвестиционных проектов...'}",,,[],[],[],False,"[{'id': '135', 'name': 'Финансовый директор (CFO)'}]",False,"{'id': 'moreThan6', 'name': 'Более 6 лет'}","{'id': 'full', 'name': 'Полная занятость'}",,False
46,83220996,False,Операционный директор (COO) в федеральную розничную сеть,,False,False,"{'id': '3', 'name': 'Екатеринбург', 'url': 'https://api.hh.ru/areas/3'}","{'from': 650000, 'to': None, 'currency': 'RUR', 'gross': False}","{'id': 'open', 'name': 'Открытая'}",,,,2023-07-10T13:06:56+0300,2023-07-10T13:06:56+0300,False,https://hh.ru/applicant/vacancy_response?vacancyId=83220996,,https://api.hh.ru/vacancies/83220996?host=hh.ru,https://hh.ru/vacancy/83220996,[],"{'id': '37283', 'name': 'IBC Human Resources', 'url': 'https://api.hh.ru/employers/37283', 'alternate_url': 'https://hh.ru/employer/37283', 'logo_urls': {'90': 'https://hhcdn.ru/employer-logo/875351.png', '240': 'https://hhcdn.ru/employer-logo/875352.png', 'original': 'https://hhcdn.ru/employer-logo-original/224304.png'}, 'vacancies_url': 'https://api.hh.ru/vacancies?employer_id=37283', 'accredited_it_employer': False, 'trusted': True}","{'requirement': 'Релевантный опыт работы от 5 лет в федеральных розничных сетях. Обязательное требование! Высшее образование (экономическое, MBA). Высокие навыки управления процессами...', 'responsibility': 'Разработка и реализация стратегии развития компании, долгосрочных и краткосрочных целей и задач. Ответственность за основные финансово-экономические и стратегические показатели...'}",,,[],[],[],False,"[{'id': '35', 'name': 'Директор магазина, директор сети магазинов'}]",False,"{'id': 'moreThan6', 'name': 'Более 6 лет'}","{'id': 'full', 'name': 'Полная занятость'}",,False
47,83320979,False,Ведущий эксперт по бюджетированию и управленческой отчетности,,False,False,"{'id': '1', 'name': 'Москва', 'url': 'https://api.hh.ru/areas/1'}","{'from': 210000, 'to': None, 'currency': 'RUR', 'gross': True}","{'id': 'open', 'name': 'Открытая'}","{'city': 'Москва', 'street': 'Калужско-Рижская линия', 'building': 'метро Калужская', 'lat': 55.656682, 'lng': 37.540075, 'description': None, 'raw': 'Москва, Калужско-Рижская линия, метро Калужская', 'metro': None, 'metro_stations': [], 'id': '13759862'}",,,2023-07-12T10:08:12+0300,2023-07-12T10:08:12+0300,False,https://hh.ru/applicant/vacancy_response?vacancyId=83320979,,https://api.hh.ru/vacancies/83320979?host=hh.ru,https://hh.ru/vacancy/83320979,[],"{'id': '608405', 'name': 'MPH Vostok', 'url': 'https://api.hh.ru/employers/608405', 'alternate_url': 'https://hh.ru/employer/608405', 'logo_urls': {'original': 'https://hhcdn.ru/employer-logo-original/1008756.png', '90': 'https://hhcdn.ru/employer-logo/5655800.png', '240': 'https://hhcdn.ru/employer-logo/5655801.png'}, 'vacancies_url': 'https://api.hh.ru/vacancies?employer_id=608405', 'accredited_it_employer': False, 'trusted': True}","{'requirement': 'Высшее экономическое образование. Опыт работы на участке бюджетирования и управленческой отчетности. Знание бухгалтерского учета, экономики предприятия, принципов формирования себестоимости. ', 'responsibility': 'Управление аналитическими справочниками. Согласование заявок на расход в части финансовой <highlighttext>аналитики</highlighttext> и бюджета. Управление лимитами БДР и БДДС. Подготовка презентаций. '}",,,[],[],[],False,"[{'id': '134', 'name': 'Финансовый аналитик, инвестиционный аналитик'}]",False,"{'id': 'between3And6', 'name': 'От 3 до 6 лет'}","{'id': 'full', 'name': 'Полная занятость'}",,False
48,82356114,False,Financial Analyst/ Manager,,False,False,"{'id': '1', 'name': 'Москва', 'url': 'https://api.hh.ru/areas/1'}",,"{'id': 'anonymous', 'name': 'Анонимная'}",,,,2023-06-23T19:35:58+0300,2023-06-23T19:35:58+0300,False,https://hh.ru/applicant/vacancy_response?vacancyId=82356114,,https://api.hh.ru/vacancies/82356114?host=hh.ru,https://hh.ru/vacancy/82356114,[],"{'name': 'Leading independent investment Company. We focus on mid-market, high-growth, sustainable private equity investments.', 'trusted': True}","{'requirement': 'Degree in Accounting, Finance or related field. Work experience as a Finance Assistant/Audit specialist or similar role (preferably big...', 'responsibility': 'To update financial spreadsheets with monthly transactions and assist in preparation and issuance of monthly Group financial statements in accordance...'}",,,[],[],[],False,"[{'id': '134', 'name': 'Финансовый аналитик, инвестиционный аналитик'}]",False,"{'id': 'between3And6', 'name': 'От 3 до 6 лет'}","{'id': 'full', 'name': 'Полная занятость'}",,False
49,83525482,False,Главный юрисконсульт по претензионно-исковой работе,"{'id': '478-478-center', 'name': 'Свеза. Центральный Офис'}",False,False,"{'id': '2', 'name': 'Санкт-Петербург', 'url': 'https://api.hh.ru/areas/2'}",,"{'id': 'open', 'name': 'Открытая'}","{'city': None, 'street': None, 'building': None, 'lat': None, 'lng': None, 'description': None, 'raw': None, 'metro': {'station_name': 'Пролетарская', 'line_name': 'Невско-Василеостровская', 'station_id': '16.234', 'line_id': '16', 'lat': 59.865, 'lng': 30.47}, 'metro_stations': [{'station_name': 'Пролетарская', 'line_name': 'Невско-Василеостровская', 'station_id': '16.234', 'line_id': '16', 'lat': 59.865, 'lng': 30.47}], 'id': '714664'}",,,2023-07-17T09:34:05+0300,2023-07-17T09:34:05+0300,False,https://hh.ru/applicant/vacancy_response?vacancyId=83525482,,https://api.hh.ru/vacancies/83525482?host=hh.ru,https://hh.ru/vacancy/83525482,[],"{'id': '478', 'name': 'Свеза', 'url': 'https://api.hh.ru/employers/478', 'alternate_url': 'https://hh.ru/employer/478', 'logo_urls': {'original': 'https://hhcdn.ru/employer-logo-original/897648.png', '90': 'https://hhcdn.ru/employer-logo/4031279.png', '240': 'https://hhcdn.ru/employer-logo/4031280.png'}, 'vacancies_url': 'https://api.hh.ru/vacancies?employer_id=478', 'accredited_it_employer': False, 'trusted': True}","{'requirement': 'Английский - на уровне Upper Intermediate. Знание международных конвенций. Уверенные знания Арбитражного процессуального кодекса. Уверенные знания части 1, 2 и 3...', 'responsibility': 'Осуществлять <highlighttext>аналитику</highlighttext> возможности получения с оппонента предъявленных компаниями группы СВЕЗА и другими сопровождаемыми компаниями требований. Консультировать заинтересованные подразделения о рисках...'}",,,[],[],[],False,"[{'id': '146', 'name': 'Юрист'}]",False,"{'id': 'between3And6', 'name': 'От 3 до 6 лет'}","{'id': 'full', 'name': 'Полная занятость'}",,False
